Name,PassWord,Number of Friends,NoOfPosts
Aiden,3062,5,1,
Alexander,14823,0,2,
Ethan,92207,1,0,
James,77340,2,1,
Oliver,30622,2,0,
Lucas,89985,1,0,
Benjamin,20806,2,1,
Daniel,99934,1,2,
Jackson,34103,2,0,
William,8618,3,0,
Noah,79437,0,0,
Liam,71507,1,0,
Elijah,64488,0,1,
Logan,29317,1,0,
Mason,76072,0,0,
Michael,91398,1,1,
Matthew,54444,1,1,
David,38838,0,0,
Jayden,63999,0,0,
Jacob,15365,1,0,
