Name,PassWord,Number of Friends,Friend1,Friend2,Friend3,Friend4,Friend5
Noah,79437,0
Liam,71507,1,William
Mason,76072,0
Jacob,15365,1,Daniel
William,8618,3,Liam,Benjamin,Aiden
Ethan,92207,1,James
James,77340,2,Ethan,Jackson
Alexander,14823,0
Michael,91398,1,Logan
Benjamin,20806,2,William,Aiden
Elijah,64488,0
Daniel,99934,1,Jacob
Aiden,3062,5,Lucas,Matthew,Benjamin,William,Oliver
Logan,29317,1,Michael
Matthew,54444,1,Aiden
Lucas,89985,1,Aiden
Jackson,34103,2,James,Oliver
David,38838,0
Oliver,30622,2,Aiden,Jackson
Jayden,63999,0
